<?xml version="1.0" ?>
<!DOCTYPE TranscendenceExtension
[
	<!ENTITY modBoCPlayerShips               "0xEFFFA000">
	<!ENTITY scBoCSapphirePlayer             "0xEFFFA001">
	<!ENTITY scBoCEI100XPlayer               "0xEFFFA002">
	<!ENTITY scBoCWolfenPlayer               "0xEFFFA003">
]>
<TranscendenceExtension UNID="&modBoCPlayerShips;" version="1.0" name="BoC Playerships" credits="Everyone">

<!--  ###################################################################
      UNID SPACE
      ###################################################################

Adventure Setup:
  0xEFFF0001 - 0xEFFF0009
Systems:
  0xEFFF0010 - 0xEFFF0100
PlayerShips:
  0xEFFFA000 - 0xEFFFA100

-->
	<ShipClass UNID="&scBoCSapphirePlayer;"
			manufacturer=		"Zubrin Systems"
			class=				"Sapphire"
			type=				"yacht"
			score=				"95"

			mass=				"30"
			reactorPower=		"150"
			fuelCapacity=		"37500"
			cargoSpace=			"50"
			thrust=				"150"
			rotationCount=		"40"
			maneuver=			"2"
			maxSpeed=			"20"

			maxArmor=			"6000"
			maxCargoSpace=		"150"
			maxDevices=			"8"

			leavesWreck=		"30"
            attributes=         "BoC,notInPartI"
			>

		<Armor>
			<ArmorSection start="315" span="90" armorID="&itReactiveArmor;" areaSet="0,2" />
			<ArmorSection start="225" span="90" armorID="&itReactiveArmor;" areaSet="3,4" />
			<ArmorSection start="45"  span="90" armorID="&itReactiveArmor;" areaSet="7,13" />
			<ArmorSection start="135" span="90" armorID="&itReactiveArmor;" areaSet="1,6" />
		</Armor>

		<Devices>
			<Device deviceID="&itRecoillessCannon;"/>
			<Device deviceID="&itClass1Deflector;"/>
		</Devices>

		<Items>
			<Item count="4d6" item="&itHelium3FuelRod;"/>
		</Items>

		<AISettings
			fireRateAdj=		"30"
			fireAccuracy=		"90"
			perception=			"4"
			/>

		<Image imageID="&rsSapphireYacht;" imageX="0" imageY="0" imageWidth="48" imageHeight="48"/>

		<DriveImages>
			<NozzleImage imageID="&rsDriveExhaust2;" imageX="0" imageY="0" imageWidth="48" imageHeight="48"/>
			<NozzlePos x="-28" y="-4"/>
			<NozzlePos x="-28" y="5"/>
		</DriveImages>

		<PlayerSettings
			desc=				"The versatile Sapphire yacht strikes a good balance between a gunship and a freighter."
			largeImage=			"&rsZubrinLarge;"
			initialClass=		"true"
			startingCredits=	"10d100+1000"

			startingSystem=		"Core1"
			startingPos=		"Start"
			>

			<ArmorDisplay>
				<ArmorSection name="forward"
						imageID="&rsZubrinArmor;" 
						imageX="0" imageY="0" imageWidth="52" imageHeight="29"
						destX="42" destY="15" hpX="55" hpY="14"
						nameY="8" nameBreakWidth="200" nameDestX="0" nameDestY="10" />

				<ArmorSection name="starboard"
						imageID="&rsZubrinArmor;" 
						imageX="52" imageY="0" imageWidth="22" imageHeight="59"
						destX="92" destY="45" hpX="95" hpY="60"
						nameY="30" nameBreakWidth="360" nameDestX="12" nameDestY="0" />

				<ArmorSection name="port"
						imageID="&rsZubrinArmor;" 
						imageX="142" imageY="0" imageWidth="22" imageHeight="59"
						destX="22" destY="45" hpX="15" hpY="60"
						nameY="52" nameBreakWidth="200" nameDestX="0" nameDestY="8" />

				<ArmorSection name="aft"
						imageID="&rsZubrinArmor;" 
						imageX="74" imageY="0" imageWidth="68" imageHeight="14"
						destX="34" destY="103" hpX="55" hpY="105"
						nameY="74" nameBreakWidth="360" nameDestX="12" nameDestY="0" />
			</ArmorDisplay>

			<ShieldDisplay>
				<Image imageID="&rsZubrinShields;" imageX="0" imageY="0" imageWidth="136" imageHeight="136"/>
			</ShieldDisplay>

			<ReactorDisplay>
				<Image imageID="&rsZubrinReactor;" 
						imageX="0" imageY="0" imageWidth="256" imageHeight="60"/>

				<PowerLevelImage imageID="&rsZubrinReactor;"
						imageX="0" imageY="60" imageWidth="202" imageHeight="14"
						destX="54" destY="9"/>

				<FuelLevelImage imageID="&rsZubrinReactor;"
						imageX="0" imageY="74" imageWidth="194" imageHeight="14"
						destX="54" destY="37"/>

				<FuelLowLevelImage imageID="&rsZubrinReactor;"
						imageX="0" imageY="88" imageWidth="194" imageHeight="14"/>

				<ReactorText x="62" y="22" width="154" height="14"/>
				<PowerLevelText x="62" y="0" width="154" height="9"/>
				<FuelLevelText x="62" y="51" width="154" height="9"/>
			</ReactorDisplay>

		</PlayerSettings>
        

	</ShipClass>

	<!-- Player Ship: EI500 Freighter -->

	<ShipClass UNID="&scBoCEI100XPlayer;"
			manufacturer=		"Earth Industries"
			class=				"EI500"
			type=				"freighter"
			score=				"105"

			mass=				"250"
			reactorPower=		"250"
			fuelCapacity=		"60000"
			cargoSpace=			"200"
			thrust=				"200"
			rotationCount=		"40"
			maneuver=			"4"
			maxSpeed=			"18"

			maxArmor=			"20000"
			maxCargoSpace=		"200"
			maxDevices=			"9"
			maxWeapons=			"2"

			leavesWreck=		"75"
            attributes=         "BoC,notInPartI"
			>

		<Armor>
			<ArmorSection start="315" span="90" armorID="&itHeavyTitaniumPlate;" areaSet="0,2" />
			<ArmorSection start="225" span="90" armorID="&itHeavyTitaniumPlate;" areaSet="3,4" />
			<ArmorSection start="45"  span="90" armorID="&itHeavyTitaniumPlate;" areaSet="7,13" />
			<ArmorSection start="135" span="90" armorID="&itHeavyTitaniumPlate;" areaSet="1,6" />
		</Armor>

		<Devices>
			<Device deviceID="&itOmniLaserCannon;"/>
			<Device deviceID="&itClass1Deflector;"/>
		</Devices>

		<Items>
			<Item count="6d6" item="&itHelium3FuelRod;"/>
			<Item count="2d4+2" item="&itLargeArmorPatch;"/>
			<Table>
				<Item chance="40" count="4" item="&itAblativeArmorCoating;"/>
				<Item chance="40" count="4" item="&itReactiveArmorCoating;"/>
				<Item chance="20" count="4" item="&itRegeneratingNanos;"/>
			</Table>
			<Table>
				<Item chance="40" count="1" item="&itEnhanceSRSROM;"/>
				<Item chance="40" count="1" item="&itTargetingComputerROM;"/>
				<Item chance="20" count="1" item="&itEnhanceShieldsROM;"/>
			</Table>
		</Items>

		<Image imageID="&rsEI500Freighter;" imageX="0" imageY="0" imageWidth="64" imageHeight="64" imageFrameCount="0" imageTicksPerFrame="0"/>

		<DriveImages>
			<NozzleImage imageID="&rsDriveExhaust2;" imageX="0" imageY="0" imageWidth="48" imageHeight="48" imageFrameCount="0" imageTicksPerFrame="0"/>
			<NozzlePos x="-47" y="-17"/>
			<NozzlePos x="-47" y="17"/>
		</DriveImages>

		<AISettings
			fireRateAdj=		"120"
			fireAccuracy=		"85"
			perception=			"4"
			/>

		<PlayerSettings
			desc=				"The EI500 is slow and ungraceful, but its omnidirectional laser can hit even the fastest gunships. Seven open slots for devices give you lots of upgrade flexibility."
			largeImage=			"&rsEI100XLarge;"
			initialClass=		"true"

			startingSystem=		"Core1"
			startingPos=		"Start"
			>

			<ArmorDisplay>
				<ArmorSection name="forward"
						imageID="&rsEI100XArmor;" 
						imageX="0" imageY="0" imageWidth="90" imageHeight="9"
						destX="23" destY="32" hpX="55" hpY="27"
						nameY="8" nameBreakWidth="360" nameDestX="12" nameDestY="0" />

				<ArmorSection name="starboard"
						imageID="&rsEI100XArmor;" 
						imageX="90" imageY="0" imageWidth="9" imageHeight="56"
						destX="104" destY="41" hpX="98" hpY="60"
						nameY="30" nameBreakWidth="275" nameDestX="0" nameDestY="8" />

				<ArmorSection name="port"
						imageID="&rsEI100XArmor;" 
						imageX="189" imageY="0" imageWidth="9" imageHeight="56"
						destX="23" destY="41" hpX="12" hpY="60"
						nameY="52" nameBreakWidth="200" nameDestX="0" nameDestY="8" />

				<ArmorSection name="aft"
						imageID="&rsEI100XArmor;" 
						imageX="99" imageY="0" imageWidth="90" imageHeight="9"
						destX="23" destY="97" hpX="55" hpY="97"
						nameY="74" nameBreakWidth="200" nameDestX="0" nameDestY="8" />
			</ArmorDisplay>

			<ShieldDisplay>
				<Image imageID="&rsEI100XShields;" imageX="0" imageY="0" imageWidth="136" imageHeight="136"/>
			</ShieldDisplay>

			<ReactorDisplay>
				<Image imageID="&rsZubrinReactor;" 
						imageX="0" imageY="0" imageWidth="256" imageHeight="60"/>

				<PowerLevelImage imageID="&rsZubrinReactor;"
						imageX="0" imageY="60" imageWidth="202" imageHeight="14"
						destX="54" destY="9"/>

				<FuelLevelImage imageID="&rsZubrinReactor;"
						imageX="0" imageY="74" imageWidth="194" imageHeight="14"
						destX="54" destY="37"/>

				<FuelLowLevelImage imageID="&rsZubrinReactor;"
						imageX="0" imageY="88" imageWidth="194" imageHeight="14"/>

				<ReactorText x="62" y="22" width="154" height="14"/>
				<PowerLevelText x="62" y="0" width="154" height="9"/>
				<FuelLevelText x="62" y="51" width="154" height="9"/>
			</ReactorDisplay>

		</PlayerSettings>

	</ShipClass>

	<!-- Player Ship: Wolfen-class Gunship -->

	<ShipClass UNID="&scBoCWolfenPlayer;"
			manufacturer=		""
			class=				"Wolfen"
			type=				"gunship"
			score=				"225"

			mass=				"30"
			reactorPower=		"100"
			fuelCapacity=		"25000"
			cargoSpace=			"35"
			thrust=				"300"
			rotationCount=		"40"
			maneuver=			"2"
			maxSpeed=			"25"

			maxArmor=			"10000"
			maxCargoSpace=		"100"
			maxDevices=			"8"
			maxNonWeapons=		"4"

			leavesWreck=		"20"
            attributes=         "BoC,notInPartI"
			>

		<Armor>
			<ArmorSection start="315" span="90" armorID="&itLightPlasteelPlate;" areaSet="0,2" />
			<ArmorSection start="225" span="90" armorID="&itLightPlasteelPlate;" areaSet="3,4" />
			<ArmorSection start="45"  span="90" armorID="&itLightPlasteelPlate;" areaSet="7,13" />
			<ArmorSection start="135" span="90" armorID="&itLightPlasteelPlate;" areaSet="1,6" />
		</Armor>

		<Devices>
			<Device deviceID="&itDualLaserCannon;"/>
			<Device deviceID="&itNAMIMissileLauncher;"/>
			<Device deviceID="&itHullPlateIonizer;"/>
		</Devices>

		<Items>
			<Item count="4d6" item="&itHelium3FuelRod;"/>
			<Item count="4d6" item="&itKM100Missile;"/>
		</Items>

		<AISettings
			fireRateAdj=		"30"
			fireAccuracy=		"90"
			perception=			"4"
			/>

		<Image imageID="&rsWolfenGunship;" imageX="0" imageY="0" imageWidth="48" imageHeight="48" imageFrameCount="0" imageTicksPerFrame="0"/>

		<DriveImages>
			<NozzleImage imageID="&rsDriveExhaust2;" imageX="0" imageY="0" imageWidth="48" imageHeight="48" imageFrameCount="0" imageTicksPerFrame="0"/>
			<NozzlePos x="-41" y="-8"/>
			<NozzlePos x="-41" y="0"/>
			<NozzlePos x="-41" y="8"/>
		</DriveImages>

		<PlayerSettings
			desc=				"Fast and deadly, the Wolfen is designed for combat. Though limited in cargo capacity, it has lots of room for more weapons."
			largeImage=			"&rsWolfenLarge;"
			initialClass=		"true"

			startingSystem=		"Core1"
			startingPos=		"Start"
			>

			<ArmorDisplay>
				<ArmorSection name="forward"
						imageID="&rsWolfenArmor;" 
						imageX="0" imageY="0" imageWidth="52" imageHeight="15"
						destX="42" destY="19" hpX="55" hpY="18"
						nameY="8" nameBreakWidth="200" nameDestX="0" nameDestY="10" />

				<ArmorSection name="starboard"
						imageID="&rsWolfenArmor;" 
						imageX="75" imageY="0" imageWidth="23" imageHeight="69"
						destX="94" destY="34" hpX="97" hpY="60"
						nameY="30" nameBreakWidth="360" nameDestX="12" nameDestY="0" />

				<ArmorSection name="port"
						imageID="&rsWolfenArmor;" 
						imageX="52" imageY="0" imageWidth="23" imageHeight="69"
						destX="19" destY="34" hpX="13" hpY="60"
						nameY="52" nameBreakWidth="200" nameDestX="0" nameDestY="8" />

				<ArmorSection name="aft"
						imageID="&rsWolfenArmor;" 
						imageX="0" imageY="75" imageWidth="52" imageHeight="16"
						destX="42" destY="103" hpX="55" hpY="107"
						nameY="74" nameBreakWidth="360" nameDestX="12" nameDestY="0" />
			</ArmorDisplay>

			<ShieldDisplay>
				<Image imageID="&rsWolfenShields;" imageX="0" imageY="0" imageWidth="136" imageHeight="136"/>
			</ShieldDisplay>

			<ReactorDisplay>
				<Image imageID="&rsZubrinReactor;" 
						imageX="0" imageY="0" imageWidth="256" imageHeight="60"/>

				<PowerLevelImage imageID="&rsZubrinReactor;"
						imageX="0" imageY="60" imageWidth="202" imageHeight="14"
						destX="54" destY="9"/>

				<FuelLevelImage imageID="&rsZubrinReactor;"
						imageX="0" imageY="74" imageWidth="194" imageHeight="14"
						destX="54" destY="37"/>

				<FuelLowLevelImage imageID="&rsZubrinReactor;"
						imageX="0" imageY="88" imageWidth="194" imageHeight="14"/>

				<ReactorText x="62" y="22" width="154" height="14"/>
				<PowerLevelText x="62" y="0" width="154" height="9"/>
				<FuelLevelText x="62" y="51" width="154" height="9"/>
			</ReactorDisplay>

		</PlayerSettings>

	</ShipClass>
</TranscendenceExtension>